ProductType,Age,Gender,EducationLevel,MaritalStatus,WeeklyUsage,FitnessLevel,AnnualIncome,StepsPerDay
Smart Treadmill,20,Male,16,Divorced,4,2,92699,19625
Smart Watch,68,Female,12,Single,4,4,56957,7378
Smart Treadmill,48,Female,20,Divorced,1,3,55464,10365
Smart Treadmill,57,Male,12,Single,1,2,53649,12422
Smart Watch,54,Female,19,Married,5,5,72065,5911
Smart Watch,53,Male,20,Single,2,1,64758,1403
Smart Treadmill,41,Female,20,Single,2,3,35596,14180
Fitness Tracker,48,Male,12,Divorced,5,2,46374,5163
Smart Treadmill,23,Female,13,Divorced,5,2,33775,17471
Smart Treadmill,19,Male,12,Single,6,2,57388,15336
Smart Treadmill,37,Male,13,Married,7,5,51029,6470
Smart Treadmill,45,Female,19,Single,4,5,113981,15953
Smart Watch,28,Male,16,Single,5,5,83639,7276
Smart Treadmill,21,Female,18,Married,3,4,44645,6739
Fitness Tracker,32,Female,13,Divorced,2,2,61105,7523
Smart Watch,23,Male,19,Single,5,3,43668,15993
Fitness Tracker,66,Female,17,Divorced,3,5,45960,13873
Fitness Tracker,47,Female,19,Divorced,3,5,41357,14419
Fitness Tracker,55,Female,12,Married,3,2,94604,15457
Fitness Tracker,68,Female,12,Married,6,5,81796,3064
Smart Watch,19,Female,18,Divorced,6,4,45804,6315
Smart Watch,32,Male,19,Single,3,4,44626,11566
Fitness Tracker,28,Female,14,Divorced,7,5,58132,1317
Fitness Tracker,25,Female,16,Single,6,2,37951,18886
Smart Watch,43,Female,12,Single,4,2,36449,7130
Smart Watch,68,Female,18,Married,3,2,49065,8419
Smart Watch,62,Female,16,Single,4,1,39130,3042
Smart Treadmill,61,Male,19,Single,4,5,119360,5598
Smart Treadmill,22,Female,19,Divorced,3,2,92287,11214
Smart Treadmill,23,Male,20,Married,2,4,81702,1118
Fitness Tracker,43,Male,18,Single,7,3,66993,1709
Smart Treadmill,21,Male,12,Single,3,3,61875,16857
Fitness Tracker,36,Male,14,Married,3,2,36054,13601
Fitness Tracker,37,Female,19,Divorced,6,3,78517,4250
Smart Treadmill,50,Male,14,Married,3,3,106368,9061
Fitness Tracker,37,Male,19,Married,2,1,59670,9609
Smart Treadmill,66,Female,12,Single,6,4,79112,3603
Smart Treadmill,29,Female,16,Single,1,4,118388,13046
Smart Watch,64,Female,15,Divorced,1,1,119156,18485
Smart Treadmill,18,Male,16,Single,4,1,58307,8857
Smart Watch,43,Female,19,Single,7,3,97087,12620
Smart Treadmill,31,Female,15,Married,4,5,77922,9177
Smart Treadmill,55,Male,15,Single,2,3,93080,19645
Smart Watch,54,Female,14,Divorced,5,1,109335,12826
Smart Watch,28,Female,18,Married,7,4,56312,14890
Smart Treadmill,53,Female,14,Divorced,1,3,96985,17892
Fitness Tracker,30,Female,14,Married,4,5,87608,19763
Smart Watch,60,Male,16,Single,1,3,119962,14830
Fitness Tracker,20,Female,16,Married,2,2,70277,10484
Fitness Tracker,50,Female,17,Married,2,3,61551,6495
Fitness Tracker,23,Male,19,Single,5,1,119813,12267
Smart Watch,67,Female,17,Single,5,4,86597,8398
Fitness Tracker,27,Male,12,Divorced,6,4,75212,7743
Smart Watch,22,Female,19,Divorced,7,1,39637,6171
Fitness Tracker,40,Male,19,Single,2,2,73258,17005
Smart Treadmill,27,Male,20,Single,4,1,65693,17708
Smart Treadmill,61,Male,20,Single,1,3,39824,14004
Smart Watch,19,Male,13,Married,3,1,56950,11962
Smart Treadmill,30,Female,13,Married,5,1,53488,11775
Smart Treadmill,57,Male,14,Married,3,2,30215,4557
Fitness Tracker,19,Female,12,Single,4,3,41523,4587
Smart Watch,37,Male,15,Divorced,5,5,105900,17535
Fitness Tracker,18,Male,15,Single,3,5,98689,1954
Fitness Tracker,54,Male,20,Married,7,4,53834,14794
Fitness Tracker,26,Female,20,Married,4,1,64474,1687
Fitness Tracker,34,Male,20,Single,1,4,73066,9501
Fitness Tracker,26,Female,18,Single,7,2,40400,16138
Fitness Tracker,28,Female,13,Married,4,5,40345,10694
Fitness Tracker,32,Female,16,Married,6,1,63896,4127
Smart Watch,41,Female,15,Married,5,2,115430,13760
Smart Treadmill,55,Female,19,Single,2,2,58899,12559
Fitness Tracker,52,Female,13,Married,1,1,58229,15796
Fitness Tracker,47,Female,17,Married,7,2,35583,4395
Fitness Tracker,48,Female,16,Divorced,7,1,34897,1845
Fitness Tracker,66,Female,13,Single,3,1,101537,2164
Fitness Tracker,22,Male,12,Divorced,5,3,34567,13954
Fitness Tracker,61,Male,19,Divorced,2,4,104807,6904
Smart Treadmill,67,Male,13,Married,4,2,107239,14731
Smart Treadmill,31,Male,18,Single,2,2,43329,1354
Fitness Tracker,70,Male,20,Married,5,3,101792,19256
Smart Treadmill,28,Female,20,Single,5,3,30228,19408
Smart Watch,26,Female,19,Divorced,6,3,112214,3817
Fitness Tracker,51,Female,20,Single,6,5,67052,4832
Smart Watch,29,Female,13,Married,2,5,87769,13467
Smart Watch,52,Female,17,Married,4,5,76032,9257
Fitness Tracker,52,Female,15,Married,2,1,118721,14107
Smart Treadmill,18,Female,15,Single,5,2,63686,13458
Smart Watch,57,Male,16,Divorced,5,4,106981,11713
Fitness Tracker,39,Male,14,Divorced,3,1,93261,3581
Smart Watch,46,Male,12,Single,6,2,32809,10582
Smart Watch,25,Male,19,Married,3,2,71785,19870
Smart Watch,28,Female,16,Divorced,1,3,66547,9418
Smart Watch,58,Female,14,Married,5,3,72818,19827
Smart Treadmill,54,Female,18,Single,3,1,101927,15419
Smart Watch,31,Male,18,Married,2,3,95681,12814
Smart Watch,47,Female,12,Divorced,6,2,109465,2036
Smart Watch,52,Female,20,Divorced,6,3,119862,11024
Smart Treadmill,38,Female,13,Married,4,5,67333,11932
Smart Watch,54,Male,16,Single,2,3,46576,8435
Smart Watch,22,Female,16,Married,4,2,69405,2548
Smart Treadmill,36,Male,19,Single,3,1,103779,6065
Smart Treadmill,31,Male,19,Married,7,4,61601,4407
Smart Treadmill,43,Male,18,Divorced,1,3,97946,1639
Smart Watch,21,Male,18,Single,2,2,97356,1172
Smart Treadmill,42,Female,17,Single,2,4,82116,6666
Smart Treadmill,62,Male,17,Single,2,4,92894,5354
Smart Watch,59,Male,20,Divorced,4,5,64635,11109
Smart Treadmill,42,Female,17,Married,3,4,37465,3886
Smart Watch,35,Female,13,Divorced,2,2,86754,3164
Fitness Tracker,57,Male,13,Single,7,2,115119,4945
Smart Treadmill,25,Female,16,Married,2,3,68871,11401
Fitness Tracker,56,Male,15,Divorced,6,3,92874,8746
Smart Watch,57,Male,13,Single,1,3,107733,12975
Smart Treadmill,31,Male,14,Single,6,4,59511,19974
Smart Watch,49,Male,18,Divorced,6,4,110960,8754
Fitness Tracker,68,Female,19,Divorced,1,5,78821,16596
Smart Watch,55,Male,17,Divorced,7,3,95776,6185
Smart Treadmill,50,Female,16,Single,3,1,100167,2093
Smart Treadmill,40,Female,12,Divorced,6,5,105135,4880
Fitness Tracker,32,Female,19,Single,3,1,74462,11686
Smart Watch,50,Female,14,Divorced,6,4,91382,11771
Smart Treadmill,42,Male,17,Single,5,5,62574,11680
Fitness Tracker,34,Female,14,Single,1,5,71910,3785
Smart Treadmill,50,Male,18,Married,6,2,103531,15799
Smart Treadmill,64,Female,18,Divorced,5,4,55186,17280
Smart Watch,19,Female,20,Divorced,4,4,52813,7539
Smart Treadmill,31,Male,16,Single,5,5,108812,18958
Smart Watch,70,Male,19,Single,2,4,115525,17016
Smart Treadmill,57,Male,19,Single,6,5,108282,15730
Fitness Tracker,57,Female,12,Married,5,2,48557,11565
Smart Treadmill,68,Female,16,Married,3,5,58060,9060
Smart Watch,56,Male,14,Single,4,4,88866,4990
Smart Watch,68,Male,12,Divorced,7,4,102104,18573
Fitness Tracker,23,Male,15,Divorced,6,5,114577,5095
Smart Treadmill,23,Male,19,Married,2,5,36080,15549
Smart Treadmill,20,Female,14,Married,7,5,43854,19259
Fitness Tracker,24,Male,13,Single,5,3,97695,10979
Smart Treadmill,68,Male,20,Divorced,7,4,57025,6408
Smart Treadmill,25,Male,16,Single,7,4,82982,14937
Smart Watch,59,Male,18,Married,4,3,71081,3833
Smart Treadmill,69,Female,13,Divorced,7,5,34368,6285
Smart Treadmill,32,Male,20,Divorced,7,2,57094,10589
Fitness Tracker,64,Female,20,Married,6,5,76040,15708
Fitness Tracker,46,Male,15,Single,4,5,96766,15116
Smart Watch,50,Male,15,Single,2,3,113053,8645
Smart Treadmill,69,Female,17,Divorced,5,4,53991,13018
Smart Treadmill,47,Male,17,Married,4,5,31301,11889
Smart Treadmill,56,Female,12,Divorced,4,4,58610,5777
Smart Watch,44,Female,20,Married,1,1,111463,16994
Smart Watch,53,Male,13,Single,4,4,64678,3735
Fitness Tracker,46,Female,16,Married,1,2,54466,14611
Smart Watch,55,Female,20,Single,5,2,110440,7368
Smart Treadmill,50,Female,15,Married,7,5,70875,18205
Smart Treadmill,54,Female,14,Divorced,6,4,56081,1162
Smart Watch,44,Female,18,Single,6,5,54354,8777
Smart Treadmill,50,Female,17,Divorced,5,3,48300,15849
Smart Treadmill,21,Female,19,Divorced,5,2,94384,19316
Smart Watch,39,Female,14,Single,3,5,90892,4535
Smart Watch,19,Male,16,Single,7,3,65525,14403
Smart Treadmill,27,Male,15,Divorced,5,5,56532,15516
Smart Treadmill,22,Female,15,Divorced,4,4,36464,8959
Smart Treadmill,27,Male,15,Divorced,6,4,46562,4933
Fitness Tracker,50,Female,19,Divorced,2,4,85514,4385
Fitness Tracker,55,Female,17,Single,6,4,104219,1922
Fitness Tracker,30,Male,14,Single,1,1,62634,11367
Smart Watch,48,Female,16,Divorced,6,3,30060,14737
Fitness Tracker,64,Female,17,Married,3,3,39269,1564
Smart Watch,53,Female,16,Married,7,4,93143,11789
Smart Watch,62,Female,17,Single,5,1,53065,3500
Fitness Tracker,41,Male,19,Divorced,7,4,32895,7881
Fitness Tracker,69,Female,18,Divorced,5,1,110859,4636
Fitness Tracker,32,Female,16,Single,6,4,42352,1223
Smart Treadmill,46,Female,17,Married,2,2,79737,7297
Fitness Tracker,25,Male,15,Married,2,2,62016,15895
Smart Treadmill,22,Female,20,Married,3,5,91304,1350
Smart Watch,46,Male,15,Single,1,4,41962,19312
Smart Treadmill,64,Male,12,Married,6,3,63302,5732
Fitness Tracker,21,Female,18,Single,5,5,115382,2017
Smart Watch,29,Female,18,Single,6,2,34011,19610
Smart Watch,62,Male,15,Divorced,3,4,49782,16229
Smart Watch,19,Female,14,Married,4,5,97691,8170
Smart Treadmill,44,Male,19,Single,4,4,69725,14303
Fitness Tracker,48,Male,16,Married,3,2,39196,7207
Smart Watch,68,Female,18,Married,5,5,73459,13316
Smart Watch,68,Female,15,Divorced,7,2,117245,3419
Smart Watch,53,Male,15,Married,3,1,108863,7240
Smart Treadmill,53,Male,19,Divorced,5,2,62769,2893
Smart Treadmill,43,Male,19,Single,2,4,54700,14753
Fitness Tracker,60,Male,13,Married,3,3,110356,6322
Smart Treadmill,44,Female,13,Single,5,2,106427,12232
Smart Watch,22,Female,14,Married,3,3,35269,18509
Fitness Tracker,37,Female,14,Single,3,1,73880,4117
Smart Watch,28,Female,12,Married,7,5,38320,5161
Smart Watch,27,Female,14,Married,7,5,79589,16523
Smart Treadmill,57,Male,17,Married,5,3,106276,5042
Fitness Tracker,55,Female,19,Married,5,5,65897,5433
Smart Treadmill,23,Female,17,Married,1,2,88565,15016
Smart Treadmill,25,Female,16,Married,3,3,60930,3658
Fitness Tracker,40,Female,15,Married,4,4,87233,11910
Smart Watch,64,Female,14,Married,3,2,112821,3944
Smart Watch,43,Male,15,Married,3,2,44380,8210
Fitness Tracker,63,Male,18,Single,5,2,106896,9787
Smart Watch,60,Male,12,Divorced,3,4,100934,2986
Fitness Tracker,29,Female,18,Married,6,1,85830,11942
Fitness Tracker,43,Male,12,Divorced,3,5,35529,18458
Smart Treadmill,30,Male,13,Married,6,3,112987,13161
Fitness Tracker,57,Female,15,Married,7,1,79178,4007
Smart Treadmill,35,Female,12,Single,4,3,36937,1969
Smart Watch,42,Female,20,Single,5,5,69886,9772
Smart Watch,50,Male,17,Divorced,3,4,79699,3824
Smart Watch,64,Male,12,Single,6,2,106396,2211
Smart Watch,57,Female,12,Single,6,2,55279,1229
Smart Treadmill,60,Female,17,Divorced,7,4,68106,16774
Smart Watch,29,Male,15,Single,6,1,109737,15345
Fitness Tracker,61,Male,15,Married,2,1,70544,4185
Fitness Tracker,53,Female,17,Divorced,1,3,38997,16011
Fitness Tracker,65,Female,18,Divorced,4,4,115711,17885
Smart Treadmill,21,Male,20,Married,7,1,70860,1048
Smart Watch,22,Female,16,Single,7,4,33225,16173
Smart Watch,54,Male,20,Divorced,3,5,89470,17770
Smart Watch,25,Male,15,Divorced,2,2,93656,1969
Smart Treadmill,59,Male,13,Married,3,2,81880,15553
Fitness Tracker,66,Male,14,Married,3,2,91078,6820
Fitness Tracker,45,Female,12,Single,5,4,118646,15292
Smart Watch,48,Female,17,Divorced,5,4,106290,4052
Fitness Tracker,26,Male,17,Single,5,3,86633,12609
Fitness Tracker,68,Male,12,Single,2,2,56655,3302
Smart Treadmill,46,Male,14,Married,3,3,73601,3283
Smart Treadmill,31,Male,16,Divorced,1,2,33114,16385
Smart Treadmill,57,Male,14,Divorced,4,3,56502,10799
Smart Treadmill,58,Female,14,Divorced,5,3,79768,16620
Smart Watch,39,Female,14,Married,5,5,78128,1122
Smart Treadmill,28,Female,16,Married,7,3,50028,10472
Fitness Tracker,40,Female,16,Married,3,4,85565,4727
Smart Watch,18,Male,15,Married,3,3,113123,14732
Fitness Tracker,63,Male,12,Married,2,2,65333,5958
Fitness Tracker,54,Male,16,Divorced,2,3,33174,1524
Fitness Tracker,38,Male,16,Single,5,1,65398,10079
Smart Treadmill,43,Male,15,Divorced,3,2,65929,9399
Smart Treadmill,63,Female,17,Single,1,1,34321,17532
Smart Watch,53,Male,15,Married,4,2,85421,17821
Smart Watch,40,Female,18,Single,3,4,102635,11394
Smart Treadmill,18,Female,18,Divorced,7,4,53760,4749
Fitness Tracker,68,Female,13,Divorced,3,4,41360,12353
Smart Watch,57,Female,14,Single,6,1,40313,15009
Smart Treadmill,32,Male,12,Married,2,5,115998,12437
Smart Treadmill,38,Female,19,Married,7,2,35801,6336
Smart Treadmill,64,Female,20,Divorced,4,4,44130,5551
Fitness Tracker,26,Female,15,Single,5,2,44271,3823
Smart Treadmill,70,Male,17,Married,7,1,46075,13916
Smart Treadmill,26,Male,20,Married,3,5,48984,16167
Smart Treadmill,27,Male,17,Divorced,5,1,118095,9677
Smart Treadmill,69,Female,20,Married,3,2,90942,15868
Smart Watch,70,Female,15,Single,5,5,42861,9391
Smart Watch,43,Male,19,Divorced,4,5,112203,13658
Smart Treadmill,58,Female,20,Divorced,2,1,101376,19366
Fitness Tracker,52,Male,15,Single,4,4,91247,10663
Smart Watch,69,Male,16,Divorced,6,2,99101,3311
Smart Treadmill,42,Female,19,Married,1,3,50977,8225
Smart Watch,43,Female,17,Married,2,3,80617,12565
Smart Watch,28,Female,18,Single,4,1,87473,11270
Fitness Tracker,55,Female,14,Married,6,2,116654,14560
Smart Treadmill,19,Male,18,Single,1,2,118177,17988
Smart Treadmill,24,Male,19,Single,6,1,102902,16965
Fitness Tracker,35,Male,17,Married,3,2,45630,6785
Fitness Tracker,44,Male,20,Single,3,4,50056,13067
Smart Treadmill,51,Male,17,Married,5,1,37382,9740
Smart Treadmill,44,Female,20,Divorced,2,4,85739,14653
Fitness Tracker,34,Male,15,Divorced,3,2,111685,18222
Smart Watch,60,Male,19,Single,7,1,78639,4815
Smart Watch,61,Male,15,Married,6,2,89838,18231
Fitness Tracker,68,Female,13,Married,2,1,76041,5709
Smart Watch,41,Female,20,Divorced,7,2,30992,5507
Fitness Tracker,42,Female,16,Divorced,3,4,102394,7575
Smart Watch,24,Female,15,Married,5,4,97657,5773
Smart Watch,69,Male,13,Single,4,2,57160,13446
Smart Treadmill,23,Male,12,Divorced,5,1,75156,11464
Smart Treadmill,70,Female,18,Single,7,3,81375,16864
Smart Watch,41,Female,17,Single,1,4,116442,4320
Smart Watch,50,Male,13,Divorced,3,4,49572,11750
Smart Treadmill,66,Male,19,Single,7,3,34136,5698
Smart Treadmill,46,Female,15,Single,1,2,91868,18948
Smart Treadmill,60,Female,19,Married,1,1,112263,19224
Fitness Tracker,39,Female,18,Single,6,2,62167,7058
Smart Watch,43,Female,16,Married,2,5,45479,1726
Smart Treadmill,45,Male,19,Divorced,6,4,61376,7697
Smart Watch,67,Male,20,Divorced,3,5,34823,12910
Fitness Tracker,38,Male,16,Married,1,4,100456,10257
Fitness Tracker,66,Female,16,Divorced,7,4,49585,13963
Smart Treadmill,24,Female,13,Single,4,5,47272,17666
Fitness Tracker,34,Male,16,Single,1,5,56619,2081
Smart Watch,37,Male,14,Single,7,2,105069,11776
Smart Treadmill,58,Male,18,Divorced,4,5,69895,15196
Smart Watch,66,Male,16,Single,6,2,33720,10344
Smart Watch,37,Female,19,Divorced,6,2,49267,16958
Fitness Tracker,39,Male,12,Single,2,2,45696,12689
Fitness Tracker,45,Male,14,Married,7,4,59968,18331
Fitness Tracker,57,Male,14,Divorced,1,4,83364,5760
Fitness Tracker,66,Male,20,Divorced,5,5,53345,14436
Fitness Tracker,24,Male,16,Single,6,4,81567,1066
Smart Treadmill,18,Male,20,Divorced,6,5,91607,1564
Smart Watch,49,Male,20,Divorced,2,4,49385,14393
Smart Watch,30,Female,12,Married,4,1,113658,4670
Smart Watch,47,Female,13,Married,2,1,96900,3251
Smart Watch,40,Female,16,Single,1,5,98244,13949
Fitness Tracker,68,Female,15,Married,7,4,95425,1804
Smart Watch,36,Male,20,Single,3,4,108518,10583
Smart Treadmill,49,Female,18,Single,3,2,112844,18619
Smart Treadmill,47,Female,17,Single,7,3,62919,13224
Smart Watch,46,Male,18,Divorced,4,5,87196,7016
Smart Watch,66,Male,12,Married,6,3,109401,14036
Smart Treadmill,62,Female,12,Single,4,3,30495,13392
Smart Treadmill,46,Female,19,Married,6,5,74755,8938
Fitness Tracker,47,Male,13,Single,6,4,97684,5141
Smart Treadmill,33,Female,20,Married,3,5,63324,10546
Fitness Tracker,57,Male,18,Married,4,3,108929,6335
Fitness Tracker,36,Male,17,Single,2,4,31552,6077
Fitness Tracker,35,Male,12,Divorced,6,1,81272,14247
Fitness Tracker,18,Male,12,Married,5,5,65853,6611
Fitness Tracker,31,Female,13,Divorced,5,5,62924,9089
Smart Watch,68,Male,17,Divorced,2,4,104462,3892
Smart Treadmill,64,Male,17,Single,5,1,53889,6577
Fitness Tracker,67,Female,13,Single,1,1,84675,18943
Smart Treadmill,19,Male,12,Single,6,4,103591,7683
Smart Treadmill,45,Female,16,Married,2,2,100190,2507
Fitness Tracker,66,Female,16,Single,4,5,52634,17335
Smart Watch,67,Female,13,Single,6,5,62363,3063
Fitness Tracker,47,Male,17,Married,2,3,93752,3000
Smart Watch,55,Female,20,Married,3,4,107004,16566
Smart Treadmill,68,Female,13,Single,4,3,86398,2294
Smart Watch,21,Male,13,Single,3,3,70718,16096
Smart Watch,18,Female,14,Single,6,1,112916,5065
Smart Watch,25,Female,18,Single,4,5,56870,15090
Smart Treadmill,46,Female,17,Divorced,5,3,67394,18987
Smart Treadmill,56,Female,19,Divorced,2,1,82057,18706
Smart Watch,20,Female,19,Single,6,4,109795,19825
Smart Watch,49,Male,17,Divorced,1,3,110409,18482
Fitness Tracker,27,Female,14,Married,4,5,43016,10318
Smart Watch,27,Female,14,Divorced,4,3,72137,9488
Fitness Tracker,36,Male,12,Divorced,7,4,30153,12241
Smart Watch,63,Male,18,Single,6,3,37853,11417
Fitness Tracker,51,Male,16,Divorced,6,5,42379,16574
Smart Treadmill,50,Female,15,Divorced,3,1,45792,16302
Smart Watch,40,Male,15,Divorced,7,5,68367,15650
Smart Watch,45,Female,15,Divorced,5,1,48100,14350
Smart Watch,49,Female,17,Married,3,2,93456,3096
Smart Watch,67,Male,19,Single,7,5,41049,12801
Fitness Tracker,24,Male,19,Single,3,5,30786,19592
Smart Watch,46,Female,16,Married,5,4,99904,17559
Smart Treadmill,25,Male,17,Divorced,7,3,60699,8169
Smart Treadmill,18,Female,15,Married,7,1,77691,14288
Smart Watch,20,Male,20,Divorced,1,1,67040,11694
Smart Treadmill,41,Male,19,Married,3,4,87986,13191
Smart Watch,40,Male,12,Single,3,4,68762,19051
Smart Watch,25,Female,13,Single,4,3,53600,11737
Smart Treadmill,64,Male,20,Single,5,3,49810,19207
Smart Watch,54,Female,19,Divorced,2,5,115703,6147
Smart Treadmill,20,Female,14,Divorced,1,2,117347,18740
Fitness Tracker,68,Female,19,Married,7,3,87204,7199
Smart Watch,50,Female,12,Married,7,4,50085,1546
Fitness Tracker,45,Male,15,Single,7,3,76854,6231
Smart Treadmill,64,Female,14,Divorced,1,1,104797,8965
Fitness Tracker,25,Female,17,Married,7,2,114269,19467
Fitness Tracker,51,Male,18,Divorced,7,5,69779,3040
Smart Treadmill,52,Female,15,Divorced,5,1,86207,2752
Fitness Tracker,49,Male,18,Single,6,1,63980,2849
Fitness Tracker,41,Female,20,Single,6,2,86117,3642
Smart Treadmill,31,Male,13,Divorced,4,5,44141,2600
Fitness Tracker,49,Female,14,Divorced,4,4,39344,14951
Smart Treadmill,63,Male,16,Divorced,7,5,45896,12797
Fitness Tracker,60,Female,14,Divorced,5,3,119353,18002
Smart Treadmill,33,Female,19,Single,7,1,59813,2132
Smart Treadmill,21,Male,19,Married,4,3,114431,6491
Fitness Tracker,69,Male,19,Single,1,4,95679,6795
Fitness Tracker,54,Male,20,Married,1,3,40681,11531
Fitness Tracker,38,Male,15,Divorced,2,5,102903,11931
Smart Watch,31,Female,16,Married,6,3,33228,8633
Smart Watch,48,Female,16,Single,5,4,34582,18871
Smart Watch,65,Male,19,Single,3,4,108683,6009
Smart Treadmill,35,Female,18,Divorced,6,4,41397,3113
Fitness Tracker,24,Male,20,Single,3,5,68799,2044
Smart Treadmill,27,Male,19,Divorced,2,4,67011,14923
Smart Watch,24,Female,13,Single,2,1,109183,3431
Fitness Tracker,50,Female,15,Single,7,4,74264,14926
Smart Treadmill,40,Female,17,Divorced,4,3,72317,2582
Fitness Tracker,38,Female,13,Married,2,3,77914,15374
Smart Treadmill,36,Female,18,Single,2,3,114633,2308
Fitness Tracker,65,Female,14,Married,3,5,75254,9793
Smart Watch,36,Female,14,Single,4,3,70096,2620
Smart Watch,53,Male,13,Single,2,5,83785,5766
Fitness Tracker,46,Male,19,Single,6,5,82344,6192
Smart Treadmill,35,Male,17,Single,2,4,112643,7622
Smart Watch,19,Male,12,Married,4,1,98546,7093
Smart Watch,18,Male,12,Married,7,4,101091,17484
Smart Watch,64,Female,18,Single,5,4,95603,1237
Fitness Tracker,22,Male,19,Single,4,5,58412,12110
Fitness Tracker,37,Male,16,Married,3,5,81658,7073
Smart Treadmill,28,Male,16,Divorced,5,3,79549,3542
Smart Treadmill,59,Male,15,Divorced,6,3,41549,16282
Smart Treadmill,19,Male,17,Married,1,4,101216,11195
Fitness Tracker,20,Male,17,Single,4,2,55739,2537
Fitness Tracker,40,Male,14,Single,7,2,51209,18138
Smart Treadmill,29,Female,20,Divorced,3,3,117968,12560
Smart Treadmill,37,Female,18,Divorced,6,2,45116,14434
Fitness Tracker,22,Male,12,Married,5,3,50045,8396
Smart Treadmill,54,Female,18,Divorced,6,5,56327,17924
Smart Watch,55,Female,16,Married,4,4,65709,6131
Fitness Tracker,47,Female,16,Divorced,2,1,73617,9697
Smart Treadmill,26,Female,13,Divorced,7,4,90139,18513
Fitness Tracker,51,Male,15,Divorced,4,3,56905,11271
Smart Watch,70,Female,17,Single,1,3,94148,4145
Fitness Tracker,61,Female,18,Single,4,4,102603,14100
Fitness Tracker,52,Female,16,Single,5,3,72919,5067
Fitness Tracker,69,Male,20,Divorced,5,2,113521,5195
Fitness Tracker,39,Male,14,Married,4,2,113400,10244
Smart Watch,61,Male,12,Married,5,3,118150,8281
Fitness Tracker,41,Male,15,Married,2,3,88446,3509
Fitness Tracker,34,Male,20,Married,6,2,82428,16502
Smart Treadmill,27,Male,15,Single,4,3,77894,7533
Fitness Tracker,47,Male,13,Single,7,3,111149,18065
Smart Treadmill,63,Female,16,Divorced,2,4,36447,15670
Smart Watch,40,Female,14,Divorced,6,1,35499,4932
Smart Watch,49,Female,20,Married,7,2,69041,15595
Smart Watch,34,Male,15,Single,7,4,61315,14041
Smart Watch,67,Male,17,Married,7,1,31299,6560
Smart Treadmill,68,Male,13,Divorced,6,3,34994,5016
Fitness Tracker,34,Male,17,Divorced,2,3,111163,1719
Smart Watch,31,Male,14,Married,7,4,37489,1074
Fitness Tracker,26,Female,20,Divorced,7,3,62355,14161
Smart Treadmill,57,Female,13,Married,3,5,103805,3149
Smart Treadmill,19,Male,20,Single,4,4,98367,15033
Smart Treadmill,62,Male,16,Married,6,1,107355,5207
Smart Watch,42,Male,19,Single,6,4,117173,16043
Fitness Tracker,56,Male,13,Single,5,2,31996,10078
Fitness Tracker,26,Female,17,Divorced,6,4,74387,12725
Fitness Tracker,39,Male,14,Divorced,2,3,33089,4936
Smart Treadmill,60,Male,16,Divorced,6,3,50659,10307
Smart Watch,63,Male,19,Married,3,5,75178,18459
Smart Treadmill,21,Male,12,Married,4,5,111268,5615
Smart Treadmill,43,Female,16,Divorced,4,5,115042,8265
Fitness Tracker,46,Male,14,Married,6,1,100726,11116
Smart Treadmill,62,Male,15,Divorced,7,5,100111,16733
Fitness Tracker,51,Female,13,Married,1,1,64565,14892
Smart Watch,40,Female,20,Single,1,5,119242,5652
Fitness Tracker,54,Female,14,Single,7,1,52884,11473
Smart Watch,28,Male,13,Divorced,7,4,47199,10247
Fitness Tracker,23,Male,20,Married,7,4,90038,17925
Smart Treadmill,35,Female,18,Married,2,3,87786,3161
Smart Treadmill,38,Female,17,Single,1,1,79294,19635
Smart Watch,59,Female,12,Single,7,2,108015,15588
Smart Watch,53,Female,16,Divorced,2,3,64178,13061
Smart Watch,58,Female,14,Single,5,4,42665,7041
Fitness Tracker,55,Female,12,Divorced,2,1,30534,13673
Fitness Tracker,51,Male,15,Single,1,5,66132,2560
Smart Watch,34,Male,13,Single,6,2,66110,12954
Smart Treadmill,54,Male,13,Married,5,4,88754,18548
Fitness Tracker,42,Female,14,Single,1,3,93580,16078
Fitness Tracker,55,Female,19,Single,2,1,52469,6419
Fitness Tracker,29,Female,19,Divorced,3,2,94016,3722
Smart Watch,40,Female,18,Single,4,1,76233,11550
Smart Watch,70,Female,17,Divorced,1,5,96708,17854
Smart Watch,59,Female,20,Single,7,3,88232,2468
Smart Watch,39,Male,15,Single,2,1,116437,1808
Smart Watch,38,Male,12,Divorced,7,4,64409,7719
Smart Treadmill,44,Female,19,Married,7,3,49324,17363
Smart Treadmill,48,Male,18,Divorced,7,4,38738,11591
Smart Watch,23,Female,18,Divorced,7,1,54054,6073
Fitness Tracker,44,Male,14,Divorced,7,3,59709,9012
Smart Watch,57,Female,15,Married,5,4,115643,19029
Smart Treadmill,51,Female,20,Single,1,5,30363,14892
Smart Treadmill,29,Male,17,Divorced,1,5,40358,9249
Fitness Tracker,62,Male,16,Divorced,4,1,33240,18513
Smart Treadmill,70,Female,14,Married,2,3,102201,16147
Smart Watch,24,Female,20,Divorced,3,2,75689,18737
Fitness Tracker,27,Male,16,Single,5,3,31936,1767
Smart Watch,62,Male,16,Married,2,5,73965,4895
Smart Watch,34,Female,15,Single,5,4,107534,11200
Fitness Tracker,43,Male,15,Single,1,2,30882,8329
Smart Watch,38,Female,12,Married,7,1,50224,16332
Smart Treadmill,45,Female,18,Divorced,4,2,60825,15621
Smart Watch,63,Female,20,Single,4,1,100740,12334
Fitness Tracker,19,Female,14,Single,6,2,58885,19174
Fitness Tracker,60,Male,13,Single,3,1,70056,1885
Fitness Tracker,18,Male,14,Single,4,1,33203,8734
Smart Watch,68,Male,12,Married,7,2,90241,4906
Fitness Tracker,70,Male,17,Married,1,2,32244,5492
Fitness Tracker,53,Male,18,Single,3,1,98619,10730
Smart Watch,68,Male,13,Divorced,2,5,51584,3073
Smart Treadmill,43,Male,19,Single,7,2,38521,17696
Smart Watch,46,Female,17,Divorced,7,3,80017,7269
Fitness Tracker,38,Male,15,Single,4,4,63541,18194
Fitness Tracker,28,Male,16,Divorced,3,1,59063,7841
Smart Watch,57,Female,19,Single,1,1,100268,11955
Smart Treadmill,28,Male,14,Divorced,6,4,94952,3032
Fitness Tracker,53,Male,14,Single,5,5,69563,10699
Fitness Tracker,66,Female,15,Single,5,4,69752,13737
Fitness Tracker,56,Male,12,Divorced,1,2,32567,11762
Smart Watch,57,Male,20,Married,1,4,46121,8129
Fitness Tracker,52,Male,19,Divorced,5,1,31674,9788
Smart Treadmill,51,Female,19,Married,6,4,106411,3147
Fitness Tracker,64,Male,17,Single,3,3,96275,1615
Fitness Tracker,41,Male,18,Divorced,5,2,97081,1947
Smart Treadmill,39,Female,17,Divorced,1,4,59140,6677
Fitness Tracker,22,Male,20,Divorced,4,1,39327,8866
Smart Watch,50,Female,14,Married,2,2,100663,3013
Smart Watch,53,Female,14,Married,6,1,53331,17874
Smart Watch,64,Male,14,Single,7,5,53004,19812
Smart Treadmill,37,Female,14,Married,6,3,40492,5987
Fitness Tracker,36,Female,20,Married,4,5,84797,9733
Smart Watch,52,Male,15,Single,4,3,88095,10479
Smart Treadmill,69,Female,18,Divorced,7,4,43749,10825
Fitness Tracker,60,Female,20,Divorced,1,2,93217,3926
Smart Treadmill,34,Male,18,Single,5,4,119044,8282
Smart Watch,62,Male,20,Divorced,3,3,39045,16635
Smart Watch,60,Male,14,Married,6,3,50116,16847
Smart Watch,51,Female,15,Single,7,3,48667,10490
Smart Treadmill,26,Male,19,Single,6,1,105057,7986
Smart Treadmill,43,Female,17,Single,4,2,104205,7862
Smart Watch,19,Female,16,Divorced,5,4,57302,13159
Smart Treadmill,70,Female,15,Single,6,4,41283,5423
Smart Watch,26,Female,19,Single,3,5,60935,11450
Smart Watch,26,Female,12,Single,4,3,102534,9159
Fitness Tracker,57,Female,20,Divorced,3,3,61624,3073
Smart Treadmill,34,Female,12,Married,5,3,43440,18085
Smart Watch,18,Male,19,Single,6,4,76501,11111
Smart Watch,42,Male,15,Married,2,5,117333,7825
Smart Treadmill,60,Female,20,Divorced,6,1,31269,11652
Fitness Tracker,57,Female,16,Divorced,5,2,37868,13454
Fitness Tracker,59,Male,14,Divorced,6,1,60251,8968
Smart Watch,42,Female,20,Divorced,7,4,107909,13516
Smart Treadmill,56,Male,20,Married,6,3,114523,15290
Fitness Tracker,52,Male,15,Single,1,2,68729,8776
Smart Treadmill,20,Male,15,Divorced,6,4,45734,9558
Smart Treadmill,67,Female,19,Divorced,6,4,72429,9719
Smart Watch,54,Female,13,Married,3,4,71337,5886
Fitness Tracker,61,Male,20,Married,2,2,70325,5619
Smart Watch,61,Male,17,Divorced,3,2,113600,14956
Fitness Tracker,68,Male,20,Single,3,5,92514,11345
Fitness Tracker,47,Male,19,Single,4,5,38433,7875
Fitness Tracker,55,Male,18,Divorced,1,1,39111,11100
Fitness Tracker,51,Female,12,Married,3,2,93753,8856
Fitness Tracker,29,Male,14,Divorced,7,2,110583,6401
Smart Treadmill,36,Female,13,Divorced,5,2,103620,4022
Smart Watch,54,Male,16,Married,7,5,51751,12675
Smart Treadmill,61,Female,16,Divorced,5,4,46453,11912
Fitness Tracker,66,Female,16,Divorced,6,3,115844,6738
Smart Watch,34,Female,15,Divorced,4,5,68968,16126
Fitness Tracker,27,Female,16,Married,1,2,60077,2770
Smart Watch,66,Female,14,Single,7,5,64775,13305
Smart Treadmill,64,Female,12,Single,1,1,88144,10969
Smart Watch,29,Male,16,Married,7,2,78570,13404
Smart Watch,33,Female,20,Single,6,1,76097,9989
Smart Watch,41,Male,20,Divorced,5,2,54503,4215
Smart Watch,36,Female,15,Single,2,5,32779,12980
Smart Watch,25,Female,14,Divorced,4,4,116840,7694
Fitness Tracker,48,Male,12,Single,7,3,30755,18136
Smart Watch,38,Female,13,Married,7,1,69263,11661
Smart Watch,34,Male,19,Single,6,5,85087,2392
Smart Treadmill,40,Male,12,Single,4,4,72281,7789
Smart Watch,54,Male,19,Single,5,5,81482,15385
Smart Treadmill,33,Male,18,Married,5,1,84857,18061
Fitness Tracker,23,Female,19,Single,7,3,47400,1105
Smart Watch,25,Female,17,Married,2,5,70115,12479
Smart Treadmill,42,Male,20,Divorced,2,2,44249,2946
Smart Treadmill,35,Female,14,Single,1,4,76825,6544
Fitness Tracker,42,Female,15,Married,4,5,54600,18479
Smart Watch,29,Male,17,Married,4,4,67706,14275
Smart Watch,32,Female,19,Single,5,2,49222,7985
Smart Treadmill,43,Male,16,Divorced,1,3,71139,2782
Smart Watch,58,Male,14,Married,6,3,71302,7213
Smart Treadmill,62,Female,17,Single,4,2,117838,15485
Smart Watch,43,Female,15,Divorced,1,4,98159,16605
Smart Treadmill,64,Female,20,Married,1,5,38646,5869
Smart Watch,49,Male,14,Married,7,2,43543,18945
Fitness Tracker,27,Male,15,Divorced,5,1,52785,10867
Smart Watch,33,Female,18,Divorced,1,4,108353,4981
Smart Watch,24,Female,18,Single,2,3,61406,10493
Fitness Tracker,34,Female,15,Single,2,2,118992,6682
Smart Watch,40,Female,17,Married,3,3,81428,6782
Fitness Tracker,43,Male,14,Divorced,5,4,53777,18327
Smart Watch,38,Female,17,Divorced,7,3,87939,10137
Smart Treadmill,39,Male,13,Divorced,6,2,83026,17984
Smart Treadmill,24,Male,19,Married,3,4,116450,14012
Smart Watch,31,Female,13,Divorced,2,1,59553,2524
Smart Watch,32,Female,18,Divorced,7,2,53548,17634
Smart Watch,70,Female,20,Married,3,5,93221,1078
Smart Treadmill,24,Male,12,Single,5,2,67265,4123
Smart Watch,26,Female,19,Single,7,4,70701,8064
Smart Treadmill,68,Female,18,Married,5,2,81287,14068
Fitness Tracker,65,Male,17,Divorced,1,1,36727,9417
Smart Treadmill,25,Female,17,Married,4,1,80717,14362
Smart Treadmill,67,Male,17,Single,1,5,62427,2209
Fitness Tracker,40,Female,20,Single,5,3,46692,6153
Smart Treadmill,46,Male,13,Married,7,4,61625,5898
Smart Watch,35,Female,12,Married,2,4,54918,19562
Smart Watch,48,Female,17,Single,6,3,71136,11871
Smart Treadmill,47,Male,19,Married,2,1,82409,8610
Smart Watch,69,Male,14,Single,7,1,45577,12077
Smart Treadmill,56,Female,12,Married,1,2,115155,16791
Smart Watch,52,Male,20,Married,6,5,111731,3544
Smart Watch,35,Male,12,Married,7,5,57689,6522
Smart Treadmill,59,Male,14,Single,5,5,41154,3370
Smart Watch,56,Male,19,Married,2,2,51341,5710
Smart Treadmill,34,Female,14,Single,5,5,104681,1328
Smart Watch,31,Female,15,Single,6,3,76330,14683
Smart Watch,48,Male,19,Married,6,2,117759,6579
Fitness Tracker,41,Male,12,Married,2,3,98416,14122
Fitness Tracker,52,Male,17,Single,5,2,116807,7794
Smart Treadmill,61,Male,12,Single,3,5,63313,1120
Fitness Tracker,62,Female,12,Divorced,5,3,76900,7749
Smart Treadmill,51,Female,19,Single,6,3,108840,14763
Fitness Tracker,20,Male,15,Divorced,5,3,64695,18348
Smart Watch,54,Male,12,Divorced,7,2,60225,16450
Smart Treadmill,60,Male,18,Divorced,1,4,116072,4675
Smart Treadmill,57,Female,16,Married,3,5,79156,19460
Smart Watch,43,Male,16,Married,4,3,107209,6643
Smart Treadmill,40,Female,12,Single,7,4,117453,12560
Smart Treadmill,61,Male,17,Divorced,1,5,57829,18700
Fitness Tracker,56,Female,20,Married,4,5,110908,18580
Smart Treadmill,32,Male,20,Married,2,3,55938,16383
Smart Watch,66,Female,19,Married,4,3,89164,4170
Fitness Tracker,21,Male,16,Married,7,2,84530,1355
Fitness Tracker,46,Male,12,Married,5,4,98199,10718
Smart Watch,39,Male,20,Divorced,7,4,90282,1028
Smart Watch,42,Female,12,Divorced,4,3,77801,15831
Fitness Tracker,30,Male,19,Divorced,6,5,39465,18397
Smart Treadmill,35,Female,16,Divorced,1,3,33326,11894
Fitness Tracker,50,Female,14,Single,1,5,33659,10019
Smart Watch,33,Male,18,Divorced,4,5,90289,13638
Fitness Tracker,62,Male,18,Married,1,3,57594,15889
Smart Watch,59,Male,20,Divorced,6,1,34763,3024
Fitness Tracker,61,Female,18,Single,7,4,118657,6839
Smart Treadmill,19,Male,14,Married,1,5,40828,14503
Fitness Tracker,52,Female,12,Divorced,4,5,77588,11303
Fitness Tracker,59,Female,19,Divorced,3,1,41221,18138
Smart Watch,51,Male,14,Divorced,3,2,41211,18622
Smart Watch,47,Male,19,Married,2,1,43569,2906
Smart Watch,30,Male,19,Married,1,1,67860,8399
Fitness Tracker,30,Male,16,Single,7,5,101558,8961
Smart Treadmill,35,Male,12,Married,4,4,75337,13031
Smart Watch,49,Male,18,Married,1,1,82311,16128
Smart Watch,49,Female,16,Divorced,5,2,43515,16663
Fitness Tracker,52,Female,19,Married,6,3,101695,2460
Smart Watch,56,Female,20,Divorced,1,1,117227,16682
Smart Treadmill,63,Male,18,Divorced,1,1,54904,16193
Smart Treadmill,69,Female,18,Married,3,2,89935,18800
Smart Watch,46,Female,12,Single,6,4,73790,12045
Smart Watch,66,Female,15,Single,4,1,98580,8766
Fitness Tracker,46,Female,13,Married,1,1,105148,18812
Smart Treadmill,70,Female,13,Single,3,4,35636,5378
Smart Treadmill,61,Male,13,Divorced,2,2,107129,8529
Smart Watch,33,Male,15,Divorced,6,1,32892,4071
Fitness Tracker,61,Female,12,Married,3,4,51672,17939
Smart Treadmill,64,Female,15,Single,3,1,35812,18947
Smart Treadmill,27,Female,13,Single,7,3,30654,12692
Fitness Tracker,47,Male,16,Divorced,3,5,84633,2040
Fitness Tracker,42,Male,14,Married,7,3,47143,3686
Smart Treadmill,56,Female,19,Single,1,1,85934,13666
Smart Treadmill,37,Male,15,Married,1,2,97334,3553
Fitness Tracker,22,Male,12,Single,2,5,59087,2779
Smart Treadmill,18,Female,12,Divorced,5,3,41618,14186
Smart Watch,47,Male,14,Divorced,5,4,38446,17459
Smart Watch,66,Male,20,Married,5,2,117182,6057
Fitness Tracker,20,Female,18,Divorced,7,3,78867,19733
Fitness Tracker,62,Male,13,Single,6,4,81028,3262
Fitness Tracker,31,Male,20,Divorced,6,1,90101,11308
Smart Watch,47,Female,13,Married,2,4,57200,17776
Smart Treadmill,67,Male,14,Married,6,3,118074,18492
Smart Watch,21,Male,13,Married,5,3,91465,6188
Smart Treadmill,35,Female,14,Single,5,1,116436,9802
Smart Watch,54,Female,17,Single,3,4,117892,6057
Smart Treadmill,42,Female,20,Single,6,4,118559,4998
Smart Watch,65,Male,20,Single,1,1,69148,9864
Fitness Tracker,18,Female,18,Single,1,4,112928,4677
Smart Watch,70,Male,14,Divorced,3,1,50698,6796
Smart Treadmill,63,Female,15,Single,3,2,72470,15450
Smart Watch,32,Male,17,Single,3,3,81660,7363
Smart Watch,26,Female,16,Divorced,1,2,83910,9123
Smart Watch,32,Female,13,Single,5,5,65450,9222
Fitness Tracker,66,Female,17,Married,3,5,86463,14654
Smart Watch,41,Female,14,Single,2,5,63757,18784
Fitness Tracker,21,Male,19,Single,7,1,108012,5071
Fitness Tracker,29,Female,13,Married,3,4,100247,9808
Smart Watch,54,Female,12,Married,7,2,102015,3786
Smart Watch,54,Male,20,Married,4,2,61390,1870
Smart Watch,60,Female,14,Married,3,2,86116,5196
Smart Treadmill,23,Male,12,Single,1,2,43161,12796
Smart Watch,56,Female,18,Married,6,5,62152,3739
Fitness Tracker,63,Female,16,Married,3,2,110171,1940
Smart Watch,41,Female,16,Divorced,6,4,50836,1340
Smart Treadmill,28,Male,12,Married,4,5,96543,5133
Smart Watch,30,Female,20,Married,2,2,85648,18043
Smart Treadmill,51,Female,18,Divorced,6,1,56331,11225
Smart Treadmill,42,Female,19,Divorced,7,3,40763,10752
Smart Watch,24,Male,20,Single,5,3,99444,4457
Fitness Tracker,69,Male,17,Divorced,3,3,49187,10848
Smart Treadmill,21,Female,16,Single,4,5,41957,10241
Smart Watch,25,Male,17,Divorced,4,2,34379,1453
Smart Watch,37,Female,13,Divorced,6,5,57959,10896
Fitness Tracker,46,Female,15,Single,2,4,112018,11976
Smart Treadmill,70,Female,14,Divorced,1,1,57105,16872
Smart Treadmill,68,Female,18,Single,3,1,30877,1818
Smart Watch,62,Female,20,Divorced,4,3,78353,5868
Smart Watch,63,Female,16,Married,2,3,113788,17396
Fitness Tracker,27,Female,17,Divorced,5,3,114585,13171
Fitness Tracker,60,Male,13,Single,4,2,113308,1920
Smart Treadmill,51,Male,14,Divorced,2,4,81567,19802
Smart Treadmill,43,Male,14,Single,1,4,87913,10506
Smart Watch,58,Male,20,Single,1,4,32637,7475
Smart Treadmill,66,Male,18,Married,4,4,102778,3017
Fitness Tracker,20,Male,19,Married,7,3,72025,8957
Fitness Tracker,23,Male,20,Single,4,1,112464,17230
Smart Watch,22,Female,17,Divorced,6,3,58742,10420
Fitness Tracker,22,Female,15,Single,3,4,41831,5792
Fitness Tracker,64,Female,12,Single,2,3,115092,14237
Fitness Tracker,40,Female,19,Divorced,4,4,118370,19818
Fitness Tracker,66,Male,18,Divorced,3,5,76762,17251
Smart Watch,26,Male,13,Divorced,6,1,118741,11707
Smart Watch,52,Female,19,Divorced,3,5,48830,2438
Smart Treadmill,37,Female,16,Single,4,2,85044,4543
Fitness Tracker,66,Male,18,Single,1,3,103948,12367
Smart Treadmill,59,Female,15,Married,2,2,99202,19165
Smart Watch,52,Female,16,Single,2,3,67045,16520
Smart Watch,67,Female,19,Divorced,1,5,116322,7343
Smart Watch,35,Female,12,Married,7,4,101051,3263
Smart Watch,34,Male,12,Divorced,4,4,56627,11161
Smart Watch,41,Female,15,Single,2,3,45198,1211
Smart Watch,20,Female,14,Married,4,4,99521,14809
Smart Watch,49,Male,13,Divorced,6,5,59475,8027
Fitness Tracker,52,Male,14,Married,4,4,49403,1331
Smart Treadmill,55,Female,12,Married,3,5,33681,9169
Smart Watch,30,Male,12,Single,1,2,72292,10133
Fitness Tracker,64,Female,17,Divorced,7,5,35629,15591
Fitness Tracker,42,Female,16,Married,4,1,107814,17125
Smart Treadmill,26,Male,19,Married,7,1,38417,1727
Smart Watch,21,Female,13,Divorced,7,1,64765,12054
Smart Treadmill,31,Female,15,Married,6,3,104499,4243
Smart Watch,54,Female,19,Married,5,3,86574,18032
Fitness Tracker,51,Female,17,Married,1,3,57675,6095
Fitness Tracker,28,Male,12,Divorced,7,5,102267,14809
Fitness Tracker,58,Male,15,Divorced,2,3,70563,11929
Fitness Tracker,20,Female,12,Divorced,3,2,41332,15842
Smart Treadmill,45,Male,13,Divorced,2,1,49177,18393
Smart Watch,46,Female,16,Single,6,5,119254,2550
Smart Watch,26,Female,19,Married,6,1,98447,9995
Smart Treadmill,20,Female,19,Divorced,2,3,87104,16166
Smart Watch,42,Female,14,Married,1,5,114335,8492
Fitness Tracker,51,Female,15,Married,2,4,110730,13501
Smart Watch,29,Male,17,Single,4,2,34951,16567
Fitness Tracker,59,Female,14,Divorced,2,3,58333,14265
Smart Treadmill,26,Male,13,Divorced,3,3,51673,6424
Smart Watch,32,Male,17,Married,3,2,70870,15086
Smart Treadmill,57,Female,16,Divorced,5,2,101101,4161
Smart Watch,42,Female,16,Married,3,4,52821,10215
Fitness Tracker,22,Female,16,Married,2,3,55494,7617
Smart Treadmill,28,Female,16,Single,3,3,104160,12926
Smart Watch,51,Female,14,Single,1,1,30835,16092
Fitness Tracker,41,Male,18,Single,7,5,48646,17160
Smart Treadmill,32,Female,17,Married,3,5,107360,18560
Smart Treadmill,55,Female,15,Divorced,4,1,67335,16638
Smart Watch,25,Male,13,Single,1,5,99351,3233
Smart Watch,22,Male,20,Divorced,5,2,32429,5700
Smart Watch,65,Female,12,Single,4,5,71950,12027
Fitness Tracker,43,Male,15,Single,2,5,90654,8860
Smart Watch,35,Female,12,Married,7,1,98143,8526
Smart Treadmill,23,Male,17,Single,2,4,107527,6559
Smart Treadmill,54,Male,15,Single,7,5,116704,7732
Smart Watch,65,Female,16,Married,7,5,61099,3513
Smart Watch,30,Male,16,Divorced,2,4,69385,8830
Smart Treadmill,45,Male,20,Single,4,1,65919,15781
Fitness Tracker,22,Male,12,Married,4,4,90782,8910
Smart Watch,30,Male,13,Single,7,1,101116,16847
Smart Watch,34,Male,17,Married,4,2,102590,6649
Smart Treadmill,67,Male,16,Divorced,7,1,119626,18480
Smart Watch,57,Female,18,Divorced,7,2,70387,10120
Fitness Tracker,62,Female,14,Married,1,2,45823,2951
Smart Treadmill,49,Male,14,Married,6,1,76015,11165
Smart Watch,46,Female,13,Married,1,3,45339,15352
Smart Treadmill,68,Female,14,Divorced,2,1,33491,10746
Smart Watch,20,Female,12,Single,6,5,30706,11970
Smart Watch,57,Male,16,Divorced,3,5,45728,10186
Smart Watch,51,Female,16,Married,2,3,36997,9804
Fitness Tracker,57,Male,18,Married,5,2,90408,1595
Fitness Tracker,44,Female,15,Divorced,1,3,88097,8875
Smart Treadmill,30,Male,14,Married,4,5,68523,6972
Smart Watch,62,Male,12,Divorced,1,3,55163,16882
Smart Watch,50,Female,19,Married,4,1,47718,1858
Fitness Tracker,23,Female,14,Single,6,3,117508,6519
Smart Watch,41,Male,13,Single,5,2,113767,10980
Fitness Tracker,36,Female,15,Married,6,1,69619,5317
Smart Watch,33,Female,14,Divorced,5,4,42126,13144
Smart Treadmill,57,Female,12,Single,1,5,119131,13879
Smart Watch,45,Male,14,Divorced,4,5,94926,2030
Smart Watch,50,Male,13,Married,6,3,70633,10487
Fitness Tracker,65,Female,19,Divorced,5,1,107654,14305
Smart Watch,58,Female,17,Single,7,4,33317,11255
Smart Watch,30,Female,20,Divorced,2,1,74980,2447
Fitness Tracker,60,Male,19,Divorced,2,5,74115,11237
Smart Treadmill,62,Male,14,Married,6,1,91646,3850
Smart Treadmill,42,Female,16,Married,4,4,73158,12953
Fitness Tracker,70,Female,18,Married,7,3,85963,9106
Fitness Tracker,59,Female,16,Single,6,2,77631,11000
Fitness Tracker,53,Female,19,Single,1,1,79316,10503
Fitness Tracker,44,Female,16,Married,5,2,89342,16493
Fitness Tracker,55,Female,12,Married,1,5,45504,5055
Smart Treadmill,24,Male,16,Single,2,3,98593,6402
Smart Treadmill,22,Female,15,Single,5,3,56660,10281
Fitness Tracker,60,Male,17,Single,6,1,67196,2672
Smart Watch,62,Female,14,Single,1,3,95938,5532
Fitness Tracker,68,Female,16,Married,3,1,38605,5924
Smart Watch,48,Male,13,Single,4,1,87388,16269
Fitness Tracker,40,Male,17,Married,7,2,111297,13546
Fitness Tracker,59,Male,17,Divorced,7,3,85501,7085
Smart Treadmill,27,Male,16,Divorced,4,1,83309,13390
Smart Watch,49,Female,17,Single,3,2,57043,14280
Smart Watch,60,Male,18,Divorced,2,4,63635,5864
Smart Treadmill,70,Female,16,Divorced,5,2,109315,10316
Smart Treadmill,47,Male,12,Divorced,4,2,110691,2221
Smart Treadmill,56,Female,19,Single,3,1,63132,3860
Smart Treadmill,48,Female,15,Single,6,5,119387,11702
Smart Watch,35,Female,20,Divorced,7,5,45366,9428
Smart Watch,53,Female,17,Married,3,5,102107,16385
Fitness Tracker,19,Female,12,Divorced,2,2,92580,10336
Fitness Tracker,31,Female,14,Single,2,1,87889,4253
Smart Treadmill,30,Male,14,Single,1,3,109553,4782
Smart Treadmill,46,Female,15,Single,4,2,69236,18150
Smart Treadmill,29,Male,17,Divorced,1,2,34150,17343
Fitness Tracker,56,Male,18,Married,7,1,49423,10951
Fitness Tracker,19,Female,15,Single,3,4,34137,17269
Fitness Tracker,49,Male,17,Single,5,2,59992,15567
Fitness Tracker,30,Female,12,Divorced,5,4,74921,12683
Fitness Tracker,63,Male,19,Married,2,4,109369,4513
Fitness Tracker,44,Female,18,Divorced,5,5,96917,17879
Fitness Tracker,66,Male,20,Single,5,1,103690,14335
Smart Treadmill,58,Female,14,Married,7,4,64235,12372
Smart Treadmill,34,Female,13,Married,5,1,108975,6822
Smart Treadmill,57,Female,12,Single,3,5,49122,15837
Smart Treadmill,48,Female,14,Married,5,1,53956,13122
Fitness Tracker,51,Male,16,Married,6,2,93879,3072
Smart Watch,41,Female,13,Divorced,5,4,88560,9529
Fitness Tracker,62,Male,14,Single,5,1,112800,19939
Smart Watch,52,Male,15,Single,1,3,98685,6959
Smart Treadmill,65,Male,18,Single,3,1,54660,10107
Fitness Tracker,23,Female,14,Single,2,4,116064,6993
Smart Treadmill,36,Male,20,Single,1,5,31168,6021
Fitness Tracker,47,Male,19,Married,4,5,75124,14546
Smart Treadmill,24,Male,15,Divorced,3,4,65897,11174
Smart Watch,27,Female,12,Single,6,2,45032,17138
Smart Watch,58,Female,12,Divorced,3,2,82797,12759
Smart Watch,49,Male,12,Divorced,4,5,65294,10190
Fitness Tracker,51,Female,12,Married,4,5,73827,13886
Smart Watch,45,Female,19,Single,4,4,33516,17779
Fitness Tracker,32,Male,14,Married,7,2,49751,18322
Smart Watch,47,Male,17,Single,2,5,60373,10828
Smart Watch,54,Female,14,Married,5,2,60270,3510
Fitness Tracker,46,Male,16,Divorced,3,5,40386,19033
Fitness Tracker,39,Female,18,Single,7,1,94817,4435
Smart Watch,21,Female,13,Divorced,5,3,95184,4201
Fitness Tracker,37,Female,17,Divorced,5,1,109693,16153
Smart Watch,49,Female,17,Married,6,5,67879,1058
Fitness Tracker,53,Female,14,Single,4,3,79597,12122
Smart Treadmill,67,Female,17,Divorced,2,3,69132,3971
Smart Treadmill,21,Male,16,Married,6,5,33626,10719
Smart Treadmill,44,Male,13,Single,1,5,115936,15017
Smart Treadmill,34,Female,20,Single,7,2,111515,9314
Smart Treadmill,29,Female,19,Divorced,7,5,107065,10628
Smart Watch,39,Female,14,Single,2,4,85390,10354
Smart Treadmill,34,Male,19,Divorced,5,5,46645,12492
Smart Treadmill,27,Female,20,Single,7,4,84144,4345
Smart Treadmill,18,Male,14,Married,2,5,43382,19870
Smart Treadmill,39,Female,14,Divorced,7,2,34025,16357
Fitness Tracker,43,Female,13,Divorced,7,4,73226,1561
Smart Watch,35,Male,19,Single,4,1,109380,7261
Smart Treadmill,67,Male,12,Single,1,4,99711,2737
Smart Treadmill,31,Female,19,Divorced,4,2,104710,10096
Smart Treadmill,64,Female,18,Single,1,4,33443,13682
Smart Watch,46,Female,18,Married,7,5,51395,12723
Fitness Tracker,29,Male,14,Single,6,5,40725,13098
Smart Watch,53,Male,12,Married,5,2,63461,10126
Fitness Tracker,52,Male,15,Married,7,3,71115,14389
Smart Treadmill,69,Male,20,Married,1,5,113732,9266
Smart Treadmill,29,Male,16,Married,1,1,109790,1294
Smart Watch,24,Male,12,Married,1,2,109557,12434
Smart Watch,46,Female,16,Single,7,4,101260,6330
Fitness Tracker,28,Female,19,Married,2,4,58690,5655
Fitness Tracker,50,Male,19,Single,6,1,31407,18493
Smart Watch,23,Female,16,Married,2,5,103568,14460
Fitness Tracker,64,Female,20,Divorced,5,2,88560,4771
Smart Watch,32,Male,12,Married,7,1,77340,9563
Fitness Tracker,49,Female,15,Divorced,1,5,47794,18558
Smart Watch,68,Male,14,Married,6,2,49881,2164
Smart Watch,28,Male,13,Married,6,4,116292,10475
Smart Watch,40,Female,19,Married,3,2,79703,13388
Fitness Tracker,43,Male,18,Divorced,5,3,74354,14969
Fitness Tracker,51,Male,20,Divorced,6,2,108462,9434
Fitness Tracker,63,Male,13,Married,7,3,44390,8262
Smart Watch,51,Male,15,Single,1,2,117475,2541
Fitness Tracker,46,Male,17,Married,1,3,57307,3765
Fitness Tracker,21,Male,14,Divorced,6,4,54502,11306
Smart Watch,34,Male,19,Married,2,5,52486,5491
Smart Treadmill,52,Male,14,Divorced,5,3,68258,4083
Smart Watch,30,Female,13,Divorced,1,3,87716,2857
Fitness Tracker,58,Female,14,Divorced,6,4,111494,1769
Smart Watch,56,Female,17,Married,1,3,112768,18806
Smart Treadmill,32,Male,13,Divorced,6,1,40748,3972
Smart Watch,46,Male,19,Divorced,5,4,92785,19256
Fitness Tracker,46,Female,12,Married,6,1,106050,6599
Smart Treadmill,28,Female,18,Divorced,3,4,52738,19653
Fitness Tracker,69,Female,13,Married,6,3,104231,6275
Smart Treadmill,49,Male,17,Divorced,6,1,103606,7571
Smart Treadmill,19,Female,13,Single,7,3,71662,6072
Smart Watch,64,Female,13,Single,5,4,112234,10631
Smart Watch,31,Male,19,Divorced,7,3,45123,12245
Fitness Tracker,37,Female,13,Single,6,1,55616,15706
Smart Watch,39,Male,18,Married,5,1,41182,6463
Smart Watch,28,Male,14,Single,3,3,92013,8450
Smart Treadmill,44,Male,19,Divorced,5,2,61331,12095
Smart Watch,20,Female,18,Divorced,1,4,76098,2313
Smart Treadmill,34,Female,19,Married,7,4,56128,8847
Smart Treadmill,61,Male,18,Divorced,5,3,61556,18454
Smart Treadmill,45,Female,17,Married,3,2,117505,10166
Fitness Tracker,46,Female,18,Single,4,1,51876,10930
Fitness Tracker,38,Female,16,Single,6,5,38949,4285
Fitness Tracker,64,Female,18,Married,5,5,81962,4095
Smart Treadmill,33,Male,12,Married,6,3,101206,17704
Fitness Tracker,54,Female,12,Divorced,2,2,54099,19705
Fitness Tracker,37,Male,20,Single,1,2,42716,1555
Smart Watch,23,Male,16,Married,7,4,82611,6432
Fitness Tracker,36,Female,16,Single,1,1,68885,2386
Fitness Tracker,22,Male,14,Married,2,2,83144,12239
Smart Treadmill,20,Female,16,Single,2,5,95220,11619
Smart Treadmill,18,Female,14,Divorced,7,1,37837,7854
Smart Treadmill,55,Male,20,Single,5,1,79355,11196
Smart Treadmill,32,Male,20,Single,2,3,77299,17033
Smart Treadmill,51,Male,17,Single,4,2,49159,8637
Smart Treadmill,52,Male,12,Single,6,3,81012,13962
Fitness Tracker,66,Female,18,Single,6,2,89305,15940
Smart Treadmill,42,Female,18,Divorced,3,4,117096,11618
Smart Treadmill,41,Female,15,Married,2,3,47106,4793
Smart Watch,29,Male,19,Single,2,3,88123,8373
Fitness Tracker,35,Male,17,Divorced,4,5,38720,3513
Fitness Tracker,32,Male,15,Single,1,3,67661,3327
Fitness Tracker,61,Female,15,Single,1,2,117318,9809
Smart Treadmill,33,Male,13,Married,6,5,51120,19549
Smart Treadmill,44,Female,13,Single,6,3,49790,7452
Smart Treadmill,25,Male,15,Divorced,5,3,88655,8642
Smart Watch,63,Female,16,Divorced,7,4,89643,15435
Smart Treadmill,42,Female,19,Married,4,3,77374,1992
Smart Watch,34,Male,17,Single,7,1,72907,6424
Fitness Tracker,46,Male,15,Divorced,7,5,80071,5381
Smart Treadmill,70,Female,18,Single,3,1,64812,5782
Smart Watch,25,Female,19,Single,7,5,79570,8460
Smart Watch,32,Male,13,Single,3,4,80901,3983
Smart Treadmill,44,Male,18,Married,7,3,90186,15182
Fitness Tracker,63,Female,13,Single,4,3,80251,3523
Fitness Tracker,67,Male,13,Divorced,3,3,95171,10677
Fitness Tracker,69,Female,19,Single,1,5,66160,11292
Smart Watch,24,Female,13,Divorced,3,3,49156,16089
Smart Watch,20,Male,20,Single,3,1,106208,5581
Smart Watch,46,Male,12,Divorced,4,3,109980,12907
Smart Watch,61,Male,20,Divorced,4,4,102320,6609
Fitness Tracker,70,Male,12,Single,3,1,47929,19385
Smart Treadmill,41,Male,13,Single,2,3,96606,18771
Smart Watch,20,Female,17,Divorced,4,3,118442,12375
Smart Watch,37,Female,17,Married,5,2,92559,18414
Fitness Tracker,63,Male,12,Single,5,5,84205,10957
Smart Treadmill,32,Male,18,Married,1,1,98475,13955
Smart Treadmill,42,Male,19,Single,7,2,94341,2220
Fitness Tracker,47,Female,13,Single,3,4,72863,14163
Fitness Tracker,31,Male,19,Single,2,5,111837,14289
Smart Treadmill,24,Male,20,Single,1,1,95439,13537
Smart Watch,34,Female,17,Married,3,3,37194,10810
Smart Treadmill,61,Female,16,Single,4,1,101387,10455
Fitness Tracker,37,Male,20,Divorced,5,3,111914,10063
Smart Watch,53,Male,20,Divorced,6,5,96214,1834
Smart Watch,26,Male,12,Married,2,3,59777,2724
Fitness Tracker,55,Female,14,Single,6,4,56183,3413
Fitness Tracker,65,Male,20,Divorced,5,3,57445,10505
Fitness Tracker,39,Male,13,Married,7,4,97038,5498
Smart Treadmill,70,Male,15,Single,7,5,117201,3105
Smart Treadmill,70,Female,15,Divorced,6,5,46198,3568
Smart Watch,19,Female,13,Divorced,4,1,51411,10330
Fitness Tracker,41,Male,14,Married,3,4,80577,17593
Smart Watch,25,Male,14,Single,4,4,45867,5911
Smart Watch,28,Female,12,Single,6,2,92501,19604
Smart Watch,30,Female,17,Divorced,4,2,44266,17617
Smart Watch,34,Female,19,Divorced,5,2,69422,1792
Fitness Tracker,25,Female,14,Divorced,2,3,65208,15195
Smart Watch,38,Female,16,Single,4,2,61213,14901
Fitness Tracker,35,Female,12,Married,5,4,37367,16762
Fitness Tracker,47,Female,18,Married,2,3,109026,19550
Smart Treadmill,35,Female,12,Single,7,5,65362,9526
Fitness Tracker,63,Female,20,Married,3,1,81588,16898
Smart Treadmill,64,Male,19,Divorced,6,2,68285,2214
Fitness Tracker,48,Male,18,Married,7,5,104755,16346
Fitness Tracker,55,Male,18,Married,3,4,101846,1212
Fitness Tracker,49,Female,16,Married,7,1,66307,2658
Smart Treadmill,28,Male,16,Divorced,1,5,110280,13270
Smart Treadmill,62,Female,16,Single,7,1,49867,15029
Smart Watch,42,Female,12,Divorced,5,2,86523,6024
